email,company,industry,timestamp
info@restaurant-ferron.de,Restaurant Ferron,Gastro,2026-03-29 08:45
info@cafe-bistro-ilbarista.de,Il Barista Café & Bistro,Gastro,2026-03-29 08:45
info@cafe-bistro-fabrik.de,Cafe-Bistro-Fabrik,Gastro,2026-03-29 08:45
info@cafeamstern.de,Cafe am Stern,Gastro,2026-03-29 08:45
gastronomie@frueh.de,FRÜH Gastronomie,Gastro,2026-03-29 08:45
info@zahnarztpraxis-dr-hesener.de,Zahnarztpraxis Dr. Hesener,Gesundheit,2026-03-29 08:46
info@zahnarztpraxis-mues-klein.de,Zahnarztpraxis Mues-Klein,Gesundheit,2026-03-29 08:46
kontakt@zahnzentrum-fehrmann.de,Zahnzentrum Fehrmann,Gesundheit,2026-03-29 08:46
info@zahnarztpraxis-engel.de,Zahnarztpraxis Engel,Gesundheit,2026-03-29 08:46
info@zahnaerzte-augsburg.com,Zahnaerzte Augsburg,Gesundheit,2026-03-29 08:46
praxis@zahnarztpraxisshahin.de,Zahnarztpraxis Shahin,Gesundheit,2026-03-29
info@zahnarztpraxis-ebersbach.de,Zahnarztpraxis Ebersbach,Gesundheit,2026-03-29
info@prophysio-lg.de,ProPhysio GmbH,Gesundheit,2026-03-29
mail@praxis-illichmann.de,Praxis Illichmann,Gesundheit,2026-03-29
info@ok-carservice.de,OK Car-Service FE KFZ,Service,2026-03-29
viersen@dr-reifen.de,D+R Reifen und KFZ Service,Service,2026-03-29
info@berliner-autowerkstatt.de,Autowerkstatt Berlin,Service,2026-03-29
info@theodor-bergmann.de,Theodor Bergmann GmbH,Handwerk,2026-03-29
info@ets-magdeburg.de,ETS Magdeburg GmbH,Handwerk,2026-03-29
info@schuster-iserlohn.de,Schuster GmbH,Handwerk,2026-03-29
info@elvertheizung.de,Bernd Elvert Heizung-Sanitär-Elektro GmbH,Handwerk,2026-03-29
info@max-doser.de,Max Doser Haustechnik,Handwerk,2026-03-29
info@heizung-sanitaer-reinhard.de,Heizung Sanitär Reinhard,Handwerk,2026-03-29
info@timgaertner-sanitaer.de,Sanitär Tim Gärtner,Handwerk,2026-03-29
info@zeik.de,Best restaurants Hamburg Discover Zeik!,,2026-03-29
reservations@arcrestaurant.de,home | arc restaurant hamburg,,2026-03-29
info@hamburg-reichshof.com,Dining | Hamburg Hauptbahnhof Restaurant | Hotel R,,2026-03-29
restaurant@hotel-jacob.de,Jacobs Restaurant - Louis C. Jacob Hotel Hamburg,,2026-03-29
reservierung@fischereihafenrestaurant.de,Home - Fischereihafen Restaurant Hamburg,,2026-03-29
post@zurletzteninstanz.de,Start EN - Zur letzten Instanz - Restaurant Berlin,,2026-03-29
hallo@visitBerlin.de,Restaurants in Berlin - visitBerlin.de,,2026-03-29
info@altes-zollhaus.com,Top 10 Upscale Waterfront Restaurants in Berlin,,2026-03-29
info@hotelzoo.de,GRACE Restaurant Berlin " Trendy restaurant Berlin,,2026-03-29
info@josephberlin.de,Joseph Berlin,,2026-03-29
Logo@2x-200x168.png,the Old Berlin Traditional Restaurant - Dicke Wirt,,2026-03-29
blzk@blzk.de,A4 Zahnarztpraxis: Ihre Zahnärztin in München - Da,,2026-03-29
praxis-am-mira@dein-dental.de,DEIN DENTAL: Dein Zahnarzt München - Am Mira,,2026-03-29
name@email.de,Zahnarztpraxis - LORA München,,2026-03-29
info@zahnaerzte-marienplatz.de,Zahnarzt München: Münchener Zahnarztpraxis & Zahnä,,2026-03-29
info@loyamo.com,MunichDent: Zahnarzt Solln | Thalkirchen,,2026-03-29
kontakt@physioloungefrankfurt.de,Praxis für Physiotherapie - Physiolounge Frankurt,,2026-03-29
info@physio-vitality-frankfurt.de,Practice for Physiotherapy & Training in Frankfurt,,2026-03-29
praxis.ac@zar-fulda.de,Physiotherapie Praxis in Frankfurt - zar.de,,2026-03-29
info@physiotherapie-kornmarkt.de,Home - Privatpraxis für Physiotherapie Frankfurt -,,2026-03-29
agil-alt-eschersheim@physio-agil.de,Physiotherapie, Fitness & Gesundheitstraining -agi,,2026-03-29
kurzrock@physio-vitality-frankfurt.de,Our Team – Your Experts in Physiotherapy,,2026-03-29
kontakt@kfz-parsch.de,KFZ Parsch | Autowerkstatt in Köln,,2026-03-29
info@kfzglobus-autoglas.de,Kfz Autoglas Werkstatt in Köln,,2026-03-29
kfz-goergen-pruemmer@netcologne.de,KFZ Meisterbetrieb Görgen und Prümmer - Köln,,2026-03-29
kontakt@kfz-west.de,Autowerkstatt | West KFZ Meisterbetrieb | Köln,,2026-03-29
kontakt@kfz-scheider.de,Kfz-Scheider - Ihre Kölner Kfz-Werkstatt des Vertr,,2026-03-29
bewerbung@pneu.com,Autowerkstatt Köln | Freie Werkstatt für alle Auto,,2026-03-29
info@birnbaum-kfz.de,Birnbaum Kfz, Köln,,2026-03-29
mail@haufler-stuttgart.de,Heizung-Sanitär | Haufler Heizung-Sanitär Stuttgar,,2026-03-29
webmaster@luippold-sanitaer.de,E. Luippold GmbH - Ihr Partner für Sanitär & Heizu,,2026-03-29
info@sanitaer-brodbeck.com,Brodbeck GmbH - Stuttgart,,2026-03-29
web@agentur-id.de,Andreas Wacker Heizungsbau GmbH | Ihr Badexperte i,,2026-03-29
max@mustermann.de,D+S Rockenstein Sanitär Stuttgart – Badträume verw,,2026-03-29
info@hwoe.de,HWÖ Haustechnik Wörner GmbH - Stuttgart,,2026-03-29
info@elektro-brodbeck.de,Die aktuell 10 besten Heizungs und Sanitärinstalla,,2026-03-29
info@pfister-stuttgart.de,Pfister Bad & Wärme - Sanitär in Stuttgart,,2026-03-29
info@oskar-kuenzel.de,Oskar Künzel, Stuttgart - Heizung, Sanitär, Klima,,2026-03-29
ol-mapbox-style@13.0.1,Scharf geschnitten!: Dein Friseur in Düsseldorf,,2026-03-29
info@creazioni-duesseldorf.de,Creazioni Hair – Ihr La Biosthetique Friseur in Dü,,2026-03-29
info@adriano-duesseldorf.de,Ihr Haar Stylist & Star Friseur in Düsseldorf-Bilk,,2026-03-29
duesseldorf@gfg-life.com,GFG Hair & Styling - GFG,,2026-03-29
info@marliesmoeller.de,Die 6 besten Friseure in Düsseldorf 2026,,2026-03-29
info@thula-landhotel.de,Wellnesshotel Bayerischer Wald Wellness Hotel Baye,,2026-03-29
willkommen@kunzmanns.de,Wellness hotel Bavaria - Kunzmann's Hotel Spa Well,,2026-03-29
office@weseo.at,Wellnesshotel Bayern – Bernrieder Hof im Bayerisch,,2026-03-29
info@hotel-birkenhof.de,Your wellness hotel in Bavaria. - Hotel Birkenhof ,,2026-03-29
info@winkler-braeu.de,Our manor hotel in Bavaria: 4-star service & warm ,,2026-03-29
info@kleblmuehle.de,Welcome to the Country Hotel Kleblmühle,,2026-03-29
